Our product,Pack size,Retailer,Their listing name,Their price,In stock?,Our price,They are cheaper by
"Reflex Plus Kitten, Chicken",1.5 kg,Pet Zone BD,Reflex Plus Kitten Food with Chicken 1.5kg,"৳1,050",Out of stock,"৳1,190",৳140
"Reflex Plus Kitten, Chicken",1.5 kg,Pet Elements BD,Reflex Plus Super Premium Kitten Dry Food Chicken 1.5kg,"৳1,050",Yes,"৳1,190",৳140
"Reflex Plus Kitten, Chicken",1.5 kg,Miki Pet Store,Reflex Plus Kitten Cat Food Chicken 1.5kg,"৳1,090",Yes,"৳1,190",৳100
"Reflex Plus Kitten, Chicken",1.5 kg,SB Pet Shop,Reflex Plus Chicken Kitten Food 1.5kg,"৳1,250",Out of stock,"৳1,190",-৳60
"Reflex Plus Kitten, Chicken",1.5 kg,AmarPet,Reflex Plus Kitten Cat Food Chicken 1.5kg,"৳1,050",Out of stock,"৳1,190",৳140
"Reflex Plus Kitten, Chicken",1.5 kg,BD Pet Mart,Reflex Plus Kitten Cat Food Chicken 1.5kg,৳850,Out of stock,"৳1,190",৳340
"Reflex Plus Kitten, Chicken",1.5 kg,Mew Mew Shop BD,Reflex Plus Kitten Food Chicken 1.5 Kg,"৳1,050",Yes,"৳1,190",৳140
"Reflex Plus Kitten, Chicken",1.5 kg,Pet Town BD,Reflex Plus Kitten Food with Chicken (1.5kg),"৳1,150",Out of stock,"৳1,190",৳40
"Reflex Plus Kitten, Chicken",1.5 kg,Daraz (marketplace),Reflex Plus Kitten Cat Dry Food Chicken 1.5kg (Pet Gallery),"৳1,999",Yes,"৳1,190",-৳809
"Reflex Plus Kitten, Chicken",8 kg,Pet Zone BD,Reflex Plus Kitten Food with Chicken 8kg,"৳4,750",Yes,"৳4,850",৳100
"Reflex Plus Kitten, Chicken",8 kg,Pet Elements BD,Reflex Plus Super Premium Kitten Dry Food Chicken 8kg,"৳4,500",Yes,"৳4,850",৳350
"Reflex Plus Kitten, Chicken",8 kg,Miki Pet Store,Reflex Plus Kitten Cat Food Chicken 8kg,"৳4,800",Yes,"৳4,850",৳50
"Reflex Plus Kitten, Chicken",8 kg,SB Pet Shop,Reflex Plus Chicken Kitten Food 8kg,"৳5,100",Out of stock,"৳4,850",-৳250
"Reflex Plus Kitten, Chicken",8 kg,AmarPet,Reflex Plus Kitten Cat Food Chicken 8kg,"৳4,499",Yes,"৳4,850",৳351
"Reflex Plus Kitten, Chicken",8 kg,BD Pet Mart,Reflex Plus Kitten Cat Food Chicken 8Kg,"৳4,600",Out of stock,"৳4,850",৳250
"Reflex Plus Kitten, Chicken",15 kg,Pet Zone BD,Reflex Plus Kitten Food with Chicken 15kg,"৳7,200",Yes,"৳7,600",৳400
"Reflex Plus Kitten, Chicken",15 kg,Pet Elements BD,Reflex Plus Super Premium Kitten Dry Food Chicken 15kg,"৳7,300",Yes,"৳7,600",৳300
"Reflex Plus Kitten, Chicken",15 kg,Miki Pet Store,Reflex Plus Kitten Cat Food Chicken 15kg,"৳7,500",Yes,"৳7,600",৳100
"Reflex Plus Kitten, Chicken",15 kg,SB Pet Shop,Reflex Plus Chicken Kitten Food 15kg,"৳7,990",Out of stock,"৳7,600",-৳390
"Reflex Plus Kitten, Chicken",15 kg,BD Pet Mart,Reflex Plus Kitten Cat Food Chicken 15kg,"৳6,999",Out of stock,"৳7,600",৳601
"Reflex Plus Adult, Chicken",400 g,Pet Zone BD,Reflex Plus Adult Cat Food with Chicken 400gm,৳300,Out of stock,৳320,৳20
"Reflex Plus Adult, Chicken",400 g,AmarPet,Reflex Plus Adult Dry Cat Food Chicken 400gm,৳299,Yes,৳320,৳21
"Reflex Plus Adult, Chicken",1.5 kg,Pet Zone BD,Reflex Plus Adult Cat Food with Chicken 1.5kg,"৳1,050",Out of stock,"৳1,190",৳140
"Reflex Plus Adult, Chicken",1.5 kg,Pet Elements BD,Reflex Plus Super Premium Adult Dry Cat Food Chicken 1.5kg,"৳1,050",Yes,"৳1,190",৳140
"Reflex Plus Adult, Chicken",1.5 kg,Miki Pet Store,Reflex Plus Adult Cat Food Chicken 1.5kg,"৳1,090",Yes,"৳1,190",৳100
"Reflex Plus Adult, Chicken",1.5 kg,SB Pet Shop,Reflex Plus Adult Cat Food Chicken 1.5kg,"৳1,250",Yes,"৳1,190",-৳60
"Reflex Plus Adult, Chicken",1.5 kg,AmarPet,Reflex Plus Adult Cat Food Chicken 1.5kg,"৳1,050",Out of stock,"৳1,190",৳140
"Reflex Plus Adult, Chicken",1.5 kg,BD Pet Mart,Reflex Plus Adult Cat Food Chicken 1.5kg,৳850,Out of stock,"৳1,190",৳340
"Reflex Plus Adult, Chicken",1.5 kg,Mew Mew Shop BD,Reflex Plus Adult Cat Food Chicken Flavour 1.5kg,"৳1,050",Yes,"৳1,190",৳140
"Reflex Plus Adult, Chicken",1.5 kg,Pet Town BD,Reflex Plus Adult Cat Food with Chicken (1.5kg),"৳1,300",Out of stock,"৳1,190",-৳110
"Reflex Plus Adult, Chicken",1.5 kg,Pure Pets Food,Reflex Plus Adult Cat Food Chicken Flavor 1.5kg,"৳1,300",Yes,"৳1,190",-৳110
"Reflex Plus Adult, Chicken",1.5 kg,Arogga,Reflex Plus Adult Cat Food Chicken Flavour 1.5kg,"৳1,194",Out of stock,"৳1,190",-৳4
"Reflex Plus Adult, Chicken",1.5 kg,Rokomari,Reflex Plus Adult Cat Food Chicken 1.5kg,"৳1,399",Out of stock,"৳1,190",-৳209
"Reflex Plus Adult, Chicken",1.5 kg,Daraz (marketplace),Reflex Plus Adult Cat Food 1.5kg Chicken (Pet Zons),"৳1,450",Yes,"৳1,190",-৳260
"Reflex Plus Adult, Chicken",15 kg,Pet Zone BD,Reflex Plus Adult Cat Food with Chicken 15kg,"৳7,200",Yes,"৳7,600",৳400
"Reflex Plus Adult, Chicken",15 kg,Pet Elements BD,Reflex Plus Super Premium Adult Dry Cat Food Chicken 15kg,"৳7,300",Yes,"৳7,600",৳300
"Reflex Plus Adult, Chicken",15 kg,Miki Pet Store,Reflex Plus Adult Cat Food Chicken 15kg,"৳7,500",Yes,"৳7,600",৳100
"Reflex Plus Adult, Chicken",15 kg,SB Pet Shop,Reflex Plus Adult Cat Food Chicken 15kg,"৳7,990",Out of stock,"৳7,600",-৳390
"Reflex Plus Adult, Chicken",15 kg,AmarPet,Reflex Plus Adult Cat Food Chicken 15kg,"৳7,280",Yes,"৳7,600",৳320
"Reflex Plus Adult, Chicken",15 kg,BD Pet Mart,Reflex Plus Adult Cat Food Chicken 15kg,"৳6,999",Out of stock,"৳7,600",৳601
"Reflex Plus Adult, Chicken",15 kg,Pet Town BD,Reflex Plus Chicken Adult Dry Cat Food (15kg),"৳6,950",Out of stock,"৳7,600",৳650
"Reflex Plus Adult, Urinary Chicken",1.5 kg,Pet Zone BD,Reflex Plus Urinary Cat Food with Chicken 1.5kg,"৳1,050",Out of stock,"৳1,190",৳140
"Reflex Plus Adult, Urinary Chicken",1.5 kg,Pet Elements BD,Reflex Plus Super Premium Adult Dry Cat Food Urinary Care With Chicken 1.5kg,"৳1,050",Yes,"৳1,190",৳140
"Reflex Plus Adult, Urinary Chicken",1.5 kg,Miki Pet Store,Reflex Plus Urinary Cat Food with Chicken 1.5kg,"৳1,090",Yes,"৳1,190",৳100
"Reflex Plus Adult, Urinary Chicken",1.5 kg,SB Pet Shop,Reflex Plus Urinary Chicken Adult Cat Food 1.5kg,"৳1,150",Out of stock,"৳1,190",৳40
"Reflex Plus Adult, Urinary Chicken",1.5 kg,AmarPet,Reflex Plus Adult Urinary Chicken Cat Food 1.5kg,"৳1,050",Yes,"৳1,190",৳140
"Reflex Plus Adult, Urinary Chicken",1.5 kg,BD Pet Mart,Reflex Plus Adult Cat Food Urinary Health Support 1.5kg,৳850,Out of stock,"৳1,190",৳340
"Reflex Plus Adult, Urinary Chicken",15 kg,Pet Zone BD,Reflex Plus Urinary Cat Food with Chicken 15kg,"৳7,200",Out of stock,"৳7,600",৳400
"Reflex Plus Adult, Urinary Chicken",15 kg,Miki Pet Store,Reflex Plus Urinary Cat Food with Chicken 15kg,"৳7,500",Yes,"৳7,600",৳100
"Reflex Plus Adult, Hairball Salmon",1.5 kg,Pet Zone BD,Reflex Plus Anti-Hairball Cat Food with Salmon 1.5kg,"৳1,050",Out of stock,"৳1,190",৳140
"Reflex Plus Adult, Hairball Salmon",1.5 kg,Pet Elements BD,Reflex Plus Super Premium Adult Dry Cat Food Hairball With Salmon 1.5kg,"৳1,050",Yes,"৳1,190",৳140
"Reflex Plus Adult, Hairball Salmon",1.5 kg,Miki Pet Store,Reflex Plus Anti Hairball Adult Cat Food with Salmon 1.5kg,"৳1,090",Yes,"৳1,190",৳100
"Reflex Plus Adult, Hairball Salmon",1.5 kg,SB Pet Shop,Reflex Plus Hairball & Indoor Salmon Adult Cat Food 1.5kg,"৳1,150",Out of stock,"৳1,190",৳40
"Reflex Plus Adult, Hairball Salmon",1.5 kg,AmarPet,Reflex Plus Adult Cat Food Anti-Hairball with Salmon 1.5kg,"৳1,050",Out of stock,"৳1,190",৳140
"Reflex Plus Adult, Hairball Salmon",1.5 kg,BD Pet Mart,Reflex Plus Adult Cat Food Hairball & indoor With Salmon 1.5kg,"৳1,200",Out of stock,"৳1,190",-৳10
"Reflex Plus Adult, Hairball Salmon",15 kg,Pet Zone BD,Reflex Plus Anti Hairball Cat Food with Salmon 15kg,"৳7,200",Yes,"৳7,600",৳400
"Reflex Plus Adult, Hairball Salmon",15 kg,SB Pet Shop,Reflex Plus Hairball & Indoor Salmon Adult Cat Food 15kg,"৳6,800",Out of stock,"৳7,600",৳800
"Reflex Plus Kitten, Salmon",1.5 kg,Pet Zone BD,Reflex Plus Kitten Food with Salmon 1.5kg,"৳1,050",Out of stock,"৳1,190",৳140
"Reflex Plus Kitten, Salmon",1.5 kg,Pet Elements BD,Reflex Plus Super Premium Kitten Dry Food Salmon 1.5kg,"৳1,050",Yes,"৳1,190",৳140
"Reflex Plus Kitten, Salmon",1.5 kg,Miki Pet Store,Reflex Plus Super Premium Kitten Dry Food Salmon 1.5kg,"৳1,090",Yes,"৳1,190",৳100
"Reflex Plus Kitten, Salmon",1.5 kg,SB Pet Shop,Reflex Plus Salmon Kitten Food 1.5kg,"৳1,250",Yes,"৳1,190",-৳60
"Reflex Plus Kitten, Salmon",1.5 kg,BD Pet Mart,Reflex Plus Kitten Cat Food Salmon 1.5kg,"৳1,200",Out of stock,"৳1,190",-৳10
Reflex Plus Mother & Baby,1.5 kg,Pet Zone BD,Reflex Plus Mother & Baby Cat Food with Lamb 1.5kg,"৳1,050",Yes,"৳1,190",৳140
Reflex Plus Mother & Baby,1.5 kg,Pet Elements BD,Reflex Plus Super Premium Mother & Baby With Lamb & Rice 1.5kg,"৳1,050",Yes,"৳1,190",৳140
Reflex Plus Mother & Baby,1.5 kg,Miki Pet Store,Reflex Plus Mother & Baby with Lamb & Rice Dry Cat Food 1.5kg,"৳1,090",Yes,"৳1,190",৳100
Reflex Plus Mother & Baby,1.5 kg,AmarPet,Reflex Plus Mother & Baby Cat with Lamb 1.5kg,"৳1,050",Yes,"৳1,190",৳140
Reflex Plus Mother & Baby,1.5 kg,BD Pet Mart,Reflex Plus Cat Food Mother & Baby with Lamb 1.5kg,"৳1,200",Out of stock,"৳1,190",-৳10
Reflex Plus Mother & Baby,1.5 kg,Arogga,Reflex Plus For Mother & Baby With Lamb & Rice 1.5kg,"৳1,116",Out of stock,"৳1,190",৳74
Reflex Plus Mother & Baby,1.5 kg,Daraz (marketplace),Reflex Plus Mother and Baby Lamb and Rice 1.5kg (Pet Joy BD),"৳1,600",Yes,"৳1,190",-৳410
"Reflex Plus Sterilised, Chicken",1.5 kg,Pet Zone BD,Reflex Plus Adult Cat Food with Sterilised Chicken 1.5kg,"৳1,050",Yes,"৳1,190",৳140
"Reflex Plus Sterilised, Chicken",1.5 kg,Miki Pet Store,Reflex Plus Sterilised Adult Cat Food with Chicken 1.5kg,"৳1,090",Yes,"৳1,190",৳100
"Reflex Plus Sterilised, Chicken",1.5 kg,SB Pet Shop,Reflex Plus Sterilized Cat Food with Chicken 1.5kg,"৳1,150",Out of stock,"৳1,190",৳40
"Reflex Plus Adult, Skin & Coat Salmon",1.5 kg,Pet Zone BD,Reflex Plus Skin Care Cat Food with Salmon 1.5kg,"৳1,050",Out of stock,"৳1,190",৳140
"Reflex Plus Adult, Skin & Coat Salmon",1.5 kg,Pet Elements BD,Reflex Plus Super Premium Adult Cat Food Skin Care With Salmon 1.5kg,"৳1,050",Yes,"৳1,190",৳140
"Reflex Plus Adult, Skin & Coat Salmon",1.5 kg,Miki Pet Store,Reflex Plus Skin Care Adult Cat Food with Salmon 1.5kg,"৳1,090",Out of stock,"৳1,190",৳100
"Reflex Plus Adult, Skin & Coat Salmon",1.5 kg,SB Pet Shop,Reflex Plus Adult Cat Food Skin Care 1.5kg,"৳1,250",Yes,"৳1,190",-৳60
"Reflex Plus Adult, Skin & Coat Salmon",1.5 kg,AmarPet,Reflex Plus Skin Care Adult Cat Food Salmon 1.5kg,"৳1,050",Out of stock,"৳1,190",৳140
"Reflex Plus Adult, Skin & Coat Salmon",1.5 kg,BD Pet Mart,Reflex Plus Adult Cat Food Skin Care with Salmon 1.5kg,"৳1,200",Out of stock,"৳1,190",-৳10
"Reflex Plus Adult, Skin & Coat Salmon",1.5 kg,Daraz (marketplace),Reflex Plus Super Premium Adult Cat Food Skin Care (Pet Gallery),"৳1,545",Yes,"৳1,190",-৳355
"Reflex Plus Adult, Choosy Salmon",1.5 kg,Pet Zone BD,Reflex Plus Choosy Adult Cat Food with Salmon 1.5kg,"৳1,050",Out of stock,"৳1,190",৳140
"Reflex Plus Adult, Choosy Salmon",1.5 kg,Miki Pet Store,Reflex Plus Adult Cat Food Choosy with Salmon 1.5kg,"৳1,090",Yes,"৳1,190",৳100
"Reflex Plus Adult, Choosy Salmon",1.5 kg,SB Pet Shop,Reflex Plus Choosy Adult Cat Food with Salmon 1.5kg,"৳1,250",Yes,"৳1,190",-৳60
"Reflex Plus Adult, Choosy Salmon",1.5 kg,BD Pet Mart,Reflex Plus Adult Cat Food Choosy with Salmon 1.5Kg,"৳1,200",Out of stock,"৳1,190",-৳10
"Prostar Adult, Chicken",15 kg,Pet Zone BD,ProStar Cat Food Adult Chicken 15kg,"৳4,900",Out of stock,"৳5,400",৳500
"Prostar Adult, Chicken",15 kg,Pet Elements BD,ProStar Adult Cat Food With Chicken 15kg,"৳5,200",Yes,"৳5,400",৳200
"Prostar Kitten, Chicken",15 kg,Pet Zone BD,Prostar Kitten Food Chicken 15kg,"৳4,900",Out of stock,"৳5,400",৳500
"Prostar Sterilised, Salmon (Adult & Kitten)",1.2 kg,Pet Zone BD,Prostar Adult Cat Food Salmon 1.2kg (nearest match),৳480,Out of stock,৳500,৳20
"Prostar Sterilised, Salmon (Adult & Kitten)",1.2 kg,Pet Elements BD,ProStar Kitten Food With Chicken 1.2kg (nearest match),৳470,Yes,৳500,৳30
"Prostar Adult Sterilised, Salmon",1.2 kg,Pet Zone BD,Prostar Adult Cat Food Salmon 1.2kg (nearest match),৳480,Out of stock,৳500,৳20
"Prostar Adult Sterilised, Salmon",1.2 kg,Pet Elements BD,ProStar Adult Cat Food With Chicken 1.2kg (nearest match),৳470,Yes,৳500,৳30
